{"stats":{"minecraft:custom":{"minecraft:time_since_rest":133913,"minecraft:interact_with_furnace":102,"minecraft:sprint_one_cm":4468,"minecraft:walk_one_cm":46150,"minecraft:drop":88,"minecraft:inspect_hopper":80,"minecraft:fly_one_cm":212986,"minecraft:open_chest":10,"minecraft:crouch_one_cm":585,"minecraft:play_one_minute":133913,"minecraft:sneak_time":6622,"minecraft:jump":200,"minecraft:leave_game":3,"minecraft:walk_on_water_one_cm":11452,"minecraft:time_since_death":133913},"minecraft:crafted":{"minecraft:smooth_stone":8,"minecraft:air":0},"minecraft:dropped":{"minecraft:water_bucket":1,"minecraft:stone":1714,"minecraft:repeater":1,"minecraft:white_carpet":1428,"minecraft:redstone_torch":3,"minecraft:stone_pressure_plate":1,"minecraft:stone_bricks":1,"minecraft:birch_sign":1,"minecraft:comparator":1,"minecraft:smooth_stone":173,"minecraft:gold_ingot":128,"minecraft:iron_ingot":64},"minecraft:picked_up":{"minecraft:stone":1652,"minecraft:redstone":3,"minecraft:white_carpet":843,"minecraft:lever":1,"minecraft:redstone_torch":3,"minecraft:powered_rail":1},"minecraft:used":{"minecraft:redstone_torch":33,"minecraft:sticky_piston":16,"minecraft:lever":12,"minecraft:water_bucket":17,"minecraft:glass":2,"minecraft:stone_brick_slab":46,"minecraft:piston":3,"minecraft:packed_ice":8,"minecraft:flint_and_steel":2,"minecraft:dead_tube_coral_fan":7,"minecraft:slime_block":14,"minecraft:redstone":37,"minecraft:powered_rail":60,"minecraft:detector_rail":8,"minecraft:chest":6,"minecraft:hopper_minecart":1,"minecraft:stone_brick_stairs":17,"minecraft:stone_bricks":592,"minecraft:netherrack":2,"minecraft:repeater":4,"minecraft:rail":15,"minecraft:comparator":7,"minecraft:white_carpet":14,"minecraft:hopper":119,"minecraft:furnace":34,"minecraft:birch_sign":3,"minecraft:glass_pane":4,"minecraft:chest_minecart":17,"minecraft:stone_pressure_plate":3,"minecraft:observer":4,"minecraft:oak_fence_gate":4,"minecraft:crimson_fence_gate":1,"minecraft:obsidian":5}},"DataVersion":2586}